{"cameraMode":{"drawMode":0,"name":"Shaded","section":"Shading Mode"},"sceneLighting":false,"audioPlay":false,"sceneViewState":{"showFog":true,"showMaterialUpdate":false,"showSkybox":false,"showFlares":true,"showImageEffects":true,"showParticleSystems":true},"in2DMode":false,"pivot":{"x":0.07599999755620957,"y":0.014000003226101399,"z":0.4180000424385071},"rotation":{"x":-0.16663561761379243,"y":-0.0012322589755058289,"z":0.00020961872360203415,"w":-0.9860177636146545},"size":2.0856456756591799,"orthographic":false}