{"cameraMode":{"drawMode":0,"name":"Shaded","section":"Shading Mode"},"sceneLighting":false,"audioPlay":false,"sceneViewState":{"showFog":true,"showMaterialUpdate":false,"showSkybox":false,"showFlares":true,"showImageEffects":true,"showParticleSystems":true},"in2DMode":false,"pivot":{"x":-0.12799999117851258,"y":0.10199999809265137,"z":0.0},"rotation":{"x":0.12312508374452591,"y":0.720279335975647,"z":-0.1324254274368286,"w":0.6697025895118713},"size":1.4027290344238282,"orthographic":false}