{"cameraMode":{"drawMode":0,"name":"Shaded","section":"Shading Mode"},"sceneLighting":false,"audioPlay":false,"sceneViewState":{"showFog":true,"showMaterialUpdate":false,"showSkybox":false,"showFlares":true,"showImageEffects":true,"showParticleSystems":true},"in2DMode":false,"pivot":{"x":-0.12799999117851258,"y":0.10199999809265137,"z":0.0},"rotation":{"x":0.12437475472688675,"y":0.6673271656036377,"z":-0.1144295334815979,"w":0.7253352999687195},"size":1.4027290344238282,"orthographic":false}